{"cameraMode":{"drawMode":0,"name":"Shaded","section":"Shading Mode"},"sceneLighting":true,"audioPlay":false,"sceneViewState":{"showFog":false,"showMaterialUpdate":false,"showSkybox":false,"showFlares":false,"showImageEffects":false,"showParticleSystems":true},"in2DMode":false,"pivot":{"x":0.015855908393859865,"y":1.4622628688812256,"z":-0.42714786529541018},"rotation":{"x":-0.17280220985412599,"y":0.05995103716850281,"z":-0.010539693757891655,"w":-0.983073890209198},"size":4.161180019378662,"orthographic":false}